{"cameraMode":{"drawMode":0,"name":"Shaded","section":"Shading Mode"},"sceneLighting":true,"audioPlay":false,"sceneViewState":{"m_AlwaysRefresh":false,"showFog":true,"showSkybox":true,"showFlares":true,"showImageEffects":true,"showParticleSystems":true,"showVisualEffectGraphs":true,"m_FxEnabled":true},"in2DMode":false,"pivot":{"x":9.735343933105469,"y":0.7307976484298706,"z":7.072371006011963},"rotation":{"x":0.06462031602859497,"y":0.930243194103241,"z":0.3009597957134247,"w":-0.19973552227020265},"size":0.0012166928499937058,"orthographic":true}