{"cameraMode":{"drawMode":0,"name":"Shaded","section":"Shading Mode"},"sceneLighting":false,"audioPlay":false,"sceneViewState":{"m_AlwaysRefresh":false,"showFog":true,"showSkybox":false,"showFlares":true,"showImageEffects":true,"showParticleSystems":true,"showVisualEffectGraphs":true,"m_FxEnabled":true},"in2DMode":false,"pivot":{"x":33.688846588134769,"y":-76.76927947998047,"z":104.03861999511719},"rotation":{"x":0.45811715722084048,"y":0.03997589275240898,"z":-0.020629212260246278,"w":0.8877527117729187},"size":0.8660253882408142,"orthographic":false}