{"cameraMode":{"drawMode":0,"name":"Shaded","section":"Shading Mode"},"sceneLighting":false,"audioPlay":false,"sceneViewState":{"m_AlwaysRefresh":false,"showFog":true,"showSkybox":false,"showFlares":true,"showImageEffects":true,"showParticleSystems":true,"showVisualEffectGraphs":true,"m_FxEnabled":true},"in2DMode":false,"pivot":{"x":-9.834396362304688,"y":3.0885467529296877,"z":27.842323303222658},"rotation":{"x":0.45811715722084048,"y":0.03997589275240898,"z":-0.020629212260246278,"w":0.8877527117729187},"size":0.5303300619125366,"orthographic":false}